<Device Name="Application">
	<Policies>
		<Policy ID="SAP" AutoChangeOnAdd="No" AutoVerifyOnAdd="No" PlatformBaseID="SAP" PlatformBaseType="SAP" PlatformBaseProtocol="SAP">
			<TicketingSystem EnterTicketingInfo="No" ValidateTicketNumber="No" />
			<Properties>
				<Required>
					<Property Name="Username" />
					<Property Name="Address" />
				</Required>
				<Optional>
					<Property Name="SystemNumber" DisplayName="System Number"/>
					<Property Name="Client" />
					<Property Name="UserType" DisplayName="User Type" Type="list" ListValues="Dialog,Service,Reference,Communication Data,System"/>
					<Property Name="UseSNC" DisplayName="Use SNC" />
					<Property Name="PartnerName" />
					<Property Name="MyName" DisplayName="My Name"/>
					<Property Name="SAPConnectionType" DisplayName="SAP connection type" Type="list" ListValues="Direct,Management Server,Router,Management Server through Router" />
					<Property Name="SAPRouterString" DisplayName="SAP Router string" />
					<Property Name="SAPManagementServerService" DisplayName="SAP Management Server port number or service name" />
				</Optional>
			</Properties>
			<LinkedPasswords>
				<Link Name="LogonReconcileAccount" PropertyIndex="1" />
			</LinkedPasswords>
			<PrivilegedSessionManagement />
			<ConnectionComponents>
				<ConnectionComponent Id="PSM-SAPGUI" />
			</ConnectionComponents>
		</Policy>
	</Policies>
</Device>